{
    "epoch": 3.0,
    "eval_loss": 0.3492268919944763,
    "eval_runtime": 20.9238,
    "eval_samples_per_second": 3.154,
    "eval_steps_per_second": 3.154,
    "total_flos": 1.4821210659704832e+17,
    "train_loss": 0.04087679942448934,
    "train_runtime": 2650.172,
    "train_samples_per_second": 3.056,
    "train_steps_per_second": 0.764
}